spanish,english
de,of
que,that
no,No
a,to
la,the
el,he
y,and
es,is
en,in
lo,it
un,a
por,by
qué,that
me,I
una,a
los,the
se,HE
te,tea
con,with
para,for
está,this
mi,my
pero,but
sí,Yeah
si,Yeah
bien,good
eso,that
su,his
las,the
yo,I
del,of the
como,as
aquí,here
tu,you
al,to the
más,further
le,you
esto,this
todo,all
ya,already
estoy,I'm
ahora,now
muy,very
ha,ha
esta,this
así,So
vamos,come on
algo,something
hay,there is
bueno,Well
tengo,I have
él,he
cuando,when
estás,are
sé,HE
tú,you
nos,us
nada,nothing
cómo,as
este,this
o,either
he,I have
ser,be
tiene,has
puedo,I can
ella,she
quiero,wanna
hacer,do
fue,was
gracias,thank you
vez,time
era,was
soy,am
sólo,only
todos,all
porque,because
son,are
tienes,have
creo,believe
voy,go
sabes,You know
estaba,was
puede,can
eres,are
ese,that
usted,you
entonces,so
hola,hello
solo,only
verdad,TRUE
casa,home
tan,so
quién,who
sus,their
tiempo,time
dos,two
esa,that
nunca,never
dónde,where
va,goes
oh,oh
favor,favor
mucho,a lot
mí,my
quieres,want
siento,I feel
señor,Sir
mejor,better
hace,does
has,you have
decir,say
también,also
sobre,about
dios,God
sin,without
tenemos,have
están,are
ti,you
puedes,can
ver,see
hombre,man
vida,life
alguien,someone
cosas,things
siempre,always
hasta,until
ahí,there
ir,go
años,years
antes,before
estar,be
ni,neither
poco,bit
día,day
uno,one
noche,evening
hecho,made
mis,my
estamos,we are
otra,other
acuerdo,agreement
trabajo,job
nosotros,us
parece,seems
gente,people
sea,be
padre,father
mira,look
mismo,same
dijo,said
nadie,nobody
quiere,wants
podría,could
hablar,talk
vas,you go
ellos,they
sr.,Mr.
tal,such
pasa,happens
fuera,out
después,after
han,they have
desde,from
dinero,money
mundo,world
claro,clear
momento,moment
les,them
tener,have
estado,state
otro,other
había,there was
mañana,tomorrow
tenía,had
madre,mother
vale,OK
lugar,place
haciendo,doing
donde,where
seguro,sure
sabe,knows
podemos,can
tus,your
espera,wait
nuevo,new
sido,been
cosa,stuff
hijo,son
allí,over there
menos,less
tipo,guy
amigo,friend
gran,great
nuestro,our
mujer,women
mamá,mother
luego,then
papá,dad
días,days
dice,says
hoy,today
tres,three
buena,good
necesito,need
dije,said
oye,hey
gusta,like
quería,wanted to
será,be
haber,to have
parte,part
todas,all
crees,do you believe
buen,good
conmigo,with me
nombre,name
nuestra,our
mal,evil
debe,has to
realmente,really
estas,are
aún,still
mío,mine
toda,all
hacerlo,do it
cada,each
visto,seen
importa,matters
contigo,with you
tienen,have
hemos,we have
razón,reason
alguna,some
tanto,so much
saber,know
hizo,did
veces,times
serio,Serious
ven,come
idea,idea
eh,Hey
tarde,late
problema,problem
hora,hour
cierto,TRUE
dicho,saying
quien,who
demasiado,too much
amor,love
entre,between
ve,go
pasado,past
familia,family
estos,these
policía,police
debería,ought
ustedes,you
chica,girl
esos,those
chicos,guys
cuenta,account
haces,you do
todavía,still
salir,go out
algún,some
vaya,Oh
unos,some
veo,I see
amigos,friends
hermano,brother
pensé,I thought
sabía,knew
cabeza,head
ah,oh
cariño,dear
digo,say
van,go
hombres,men
buenas,hello good
somos,are
cualquier,any
forma,shape
mientras,while
lado,side
debo,I must
sería,I would be
caso,case
pueden,they can
pasó,passed
primera,first
genial,brilliant
chico,boy
supuesto,supposed
hice,I did
pues,well
adiós,bye
muchas,many
personas,people
señora,lady
volver,return
esas,those
quizá,maybe
contra,against
camino,path
durante,during
hablando,talking
manera,manner
muerto,dead
persona,person
rápido,fast
cuál,which
ayuda,aid
historia,history
iba,I was going
supongo,i guess
nueva,new
entiendo,I understand
dentro,inside
casi,almost
puerta,door
ves,you see
pasar,pass
primero,first
significa,means
semana,week
hacia,toward
quizás,maybe
espero,wait
juntos,together
año,year
niños,children
pronto,soon
tío,uncle
suerte,luck
ciudad,city
siquiera,even
feliz,happy
venir,come
hija,daughter
gustaría,would like
minutos,minutes
cuánto,how much
os,you
hey,hey
muerte,death
dejar,leave
realidad,reality
deja,leaves
problemas,issues
vi,saw
da,gives
importante,important
dijiste,said
corazón,heart
miedo,fear
jefe,boss
agua,water
haré,I will do
justo,fair
horas,hours
poder,can
buenos,good
esposa,wife
manos,hands
debes,you must
viene,comes
venga,come on
nuestros,our
ojos,eyes
adelante,forward
encontrar,find
mano,hand
cinco,five
niño,child
ninguna,none
otros,others
cara,expensive
cuidado,careful
bajo,low
cerca,near
viejo,old
déjame,let me
noches,nights
bastante,quite
fin,end
tomar,take
único,only
misma,same
escucha,listen
ningún,none
suficiente,enough
punto,spot
cuándo,when
sigue,go on
haya,is
equipo,equipment
grande,big
necesita,needs
llegar,arrive
incluso,even
algunos,some
doctor,doctor
difícil,difficult
aunque,although
hubiera,had
primer,first
coche,car
hago,do
clase,class
cuatro,four
mas,further
dices,you say
pequeño,little
llama,calls
toma,take
hiciste,did
allá,there
última,last
arriba,above
tierra,land
guerra,war
pensar,think
pueda,can
igual,equal
loco,crazy
sangre,blood
mujeres,women
vuelta,lap
fui,I was
trabajar,work
tenido,had
juego,game
deberías,you should
cuerpo,body
e,and
algunas,some
entrar,get in
cree,believe
podía,could
debemos,must
oportunidad,chance
teléfono,phone
necesitamos,need
final,final
listo,ready
fiesta,party
muchos,many
estabas,you were
quieren,they want
vete,go away
auto,car
dar,give
vivir,live
posible,possible
ok,okay
hermana,sister
número,number
meses,months
exactamente,exactly
culpa,blame
abajo,below
escuela,school
ido,gone
fuerte,strong
diciendo,saying
habla,speaks
esté,this
ello,it
pregunta,ask
chicas,girls
eran,were
unas,nails
pasando,going
atrás,back
malo,bad
capitán,captain
sra.,mrs
bebé,baby
segundo,second
sabemos,we know
mayor,elderly
comida,meal
morir,die
conozco,know
dame,give to me
fácil,easy
comer,eat
vino,came
lista,list
haga,make
necesitas,you need
hijos,children
probablemente,probably
padres,parents
habitación,room
creer,believe
pensando,thinking
fueron,were
dime,tell me
trata,treats
buscando,searching
tuve,I had
tampoco,neither
amo,love
joven,young
podrías,could you
sola,alone
par,pair
única,only
hacen,do
seguir,continue
dr.,Dr.
simplemente,simply
dicen,they say
medio,half
saben,they know
sentido,sense
hagas,you do
segura,safe
esperar,wait
lejos,far
arma,weapon
alto,high
pequeña,small
dólares,Dollars
seis,six
estaban,were
seguridad,security
maldita,damned
estuvo,was
preocupes,worry
palabra,word
esperando,expecting
queda,is left over
oficina,office
iré,I will go
cama,bed
además,besides
último,last
oído,ear
habría,there would be
estará,will be
dio,gave
recuerdo,memory
siendo,being
acerca,about
tenga,have
luz,light
correcto,correct
ud.,You.
demonios,demons
nuestras,our
verte,to see you
dormir,sleep
sitio,place
ayudar,help
conseguir,get
di,gave
marido,husband
paz,peace
plan,plan
dado,given
cuanto,how much
peor,worse
murió,died
pueblo,town
vivo,alive
venido,I come
john,john
basta,Enough
paso,passed
deberíamos,we should
música,music
diga,say
minuto,minute
anoche,last night
llamar,call
piensa,think
país,country
digas,you say
rey,king
perdón,sorry
mucha,a lot
falta,lack
pienso,I think
diablos,Devils
perdido,lost
niña,little girl
señorita,Miss
diez,ten
lleva,carry
hospital,hospital
grandes,big
maldito,damned
otras,others
llamado,called
hacemos,we make
llevar,carry
fuego,fire
aqui,here
tuvo,had
poner,put
calle,street
acaba,just
prueba,proof
increíble,incredible
real,real
libro,book
orden,order
semanas,weeks
especial,special
mía,mine
café,coffee
duro,hard
empezar,begin
afuera,outside
queremos,we want
perro,dog
cielo,darling
puesto,position
viaje,journey
detrás,behind
cuarto,room
querida,Dear
haría,would do
preguntas,questions
piensas,you think
querido,darling
libre,free
buscar,look for
cual,which
diré,I will say
suena,sounds
jugar,play
cambio,change
película,movie
millones,millions
habrá,there will be
llamada,call
resto,rest
vemos,we see
extraño,strange
mala,bad
presidente,president
srta.,Ms.
irme,leave
ropa,clothes
perder,lose
vuelve,comes back
agente,agent
palabras,words
información,information
raro,queer
hará,will
entiendes,you understand
éste,this
trabajando,working
tratando,treating
general,general
trato,deal
usar,wear
perfecto,perfect
derecho,right
modo,mode
ayer,yesterday
conoces,you know
demás,the rest
quieras,you want
podríamos,we could
noticias,news
encontrado,found
control,control
odio,hate
frente,forehead
sexo,sex
decirle,tell
estaré,I will be
divertido,fun
armas,weapons
recuerdas,remember
amiga,friend
grupo,cluster
asunto,affair
acabo,just
mensaje,message
encima,on
atención,attention
diferente,different
uh,uh
cállate,be quiet
daño,damage
sucede,happens
cambiar,change
siguiente,following
sino,but
the,the
seas,be
médico,doctor
boca,mouth
dejó,let
error,mistake
jamás,never
largo,long
pena,grief
voz,voice
futuro,future
siente,feel
secreto,secret
baño,bathroom
mil,thousand
decirte,tell you
sam,sam
pensaba,thought
novia,bride
propia,own
sueño,dream
haz,beam
fuerza,force
deben,they must
supone,supposes
estábamos,we were
ambos,both
ay,Oh
estuve,I have been
encontré,I found
vuelto,turned
dolor,pain
dile,tell him
encanta,loves
edad,age
darle,give him
pie,foot
negro,black
ganar,gain
york,york
aire,air
lamento,lament
verlo,see him
asesinato,murder
vio,saw
adónde,where to
llegado,arrived
disculpe,excuse me
s,yes
cita,appointment
estaría,It would
fuiste,you were
sistema,system
gusto,taste
pobre,poor
negocio,business
mente,mind
tuyo,yours
campo,field
mire,Look
situación,situation
tras,after
hotel,hotel
vosotros,you
funciona,works
foto,photo
abogado,lawyer
loca,crazy
propio,own
alrededor,around
próxima,next
terminado,finished
hablas,speak
pagar,pay
llamo,called
personal,staff
sientes,you feel
ocurre,occurs
ésta,this
recuerda,remember
mitad,half
quiera,want
pelo,hair
tenías,you had
viste,dresses
oficial,official
llegó,arrive
compañía,company
relación,relationship
conoce,known
pase,happens
montón,lot
mejores,top
creí,I believed
cena,dinner
sentir,feel
través,through
accidente,accident
i,Yo
ellas,they
caja,box
tranquilo,don't worry
bonito,pretty
eras,ages
asi,So
pudo,could
vive,lives
vista,view
línea,line
caballeros,gentlemen
haremos,will
dan,give
quédate,stay
tienda,store
comprar,buy
entendido,understood
centro,center
salvo,except
mes,month
joe,Joe
sol,sun
tonto,silly
hambre,hunger
michael,Michael
mesa,table
respuesta,answer
completamente,completely
david,David
carta,letter
totalmente,completely
imposible,impossible
pruebas,evidence
novio,boyfriend
normal,normal
gustan,like
frank,frank
pude,could
charlie,Charlie
traje,suit
dirección,address
siete,seven
dijeron,they said
placer,pleasure
sean,be
tendrá,will have
barco,ship
blanco,white
tom,Tom
profesor,teacher
servicio,service
muchacho,young guy
reunión,meeting
dejado,left
ley,law
quisiera,I'd like
hubo,was
george,george
programa,program
carrera,career
cumpleaños,birthday
muchachos,boys
canción,song
hermosa,beautiful
universidad,university
boda,wedding
decirme,tell me
cualquiera,any
tengas,have
hacía,toward
estés,you are
sala,hall
llevo,he took
decisión,decision
espere,wait
don,Don
necesario,necessary
sal,salt
entra,enters
prisa,hurry
embargo,embargo
interesante,interesting
tendrás,you will have
escuchar,hear
abuela,grandmother
hicieron,they made
detective,detective
horrible,awful
suelo,floor
fotos,photos
cárcel,jail
acá,here
io,io
mike,mike
siéntate,Sit down
decía,He said
intentando,trying
vámonos,let's go
maldición,curse
silencio,silence
muerta,dead
capaz,able
salió,he left
club,club
terminar,finish
temo,I fear
broma,joke
gobierno,government
prometo,I promise
cámara,camera
media,half
terrible,terrible
llamó,called
regalo,gift
amable,gentle
dulce,sweet
muertos,dead
querías,you wanted
ataque,stroke
das,you give
navidad,Christmas
negocios,business
pudiera,could
ocho,eight
avión,plane
investigación,investigation
acabó,just
juro,I swear
mantener,keep
ejército,army
papel,paper
partes,parts
ten,have
gracioso,funny
diría,would say
principio,principle
delante,in front of
teniente,lieutenant
deseo,desire
vayas,go
nave,ship
sale,comes out
basura,trash
vine,came
contacto,contact
esposo,husband
tren,train
encontramos,we find
dale,Go ahead
verdadero,TRUE
tuya,yours
alma,soul
hazlo,do it
disculpa,sorry
junto,together
anda,go
tendré,I will have
matrimonio,marriage
saberlo,know it
locura,craziness
oro,gold
permiso,permission
director,director
peligro,danger
libertad,freedom
alegro,glad
baja,low
tendremos,we will have
derecha,right
encuentra,finds
pies,feet
segunda,second
maravilloso,marvelous
espacio,space
rato,a while
abuelo,grandfather
esperaba,I expected
mirando,looking
salud,health
sorpresa,surprise
ninguno,none
miren,look
triste,sad
aun,still
pensado,thought-out
maestro,teacher
según,according to
infierno,hell
podrían,could
tipos,guys
tía,aunt
crimen,crime
conocido,acquaintance
consejo,advice
ante,in view of
iglesia,church
intento,tried
mayoría,most
doy,give
peter,peter
hicimos,we did
escena,scene
piso,floor
señal,sign
honor,honor
llamas,calls
abre,opens
cerebro,brain
veras,you will see
viendo,seeing
pone,places
pregunto,asked
cocina,kitchen
vestido,dress
inteligente,intelligent
vieja,old
caballo,horse
vienen,they come
vidas,lives
bar,bar
corte,court
sucedió,happened
adentro,inside
drogas,drugs
enseguida,right away
busca,seeks
agradable,pleasant
carne,meat
parecía,looked like
departamento,department
lindo,nice
mar,sea
duda,doubt
edificio,building
conocer,know
cargo,post
víctima,victim
luna,moon
energía,energy
frío,cold
hablo,speak
baile,dance
trabaja,works
misión,mission
listos,ready
ayudarte,help you
izquierda,left
paul,Paul
beber,to drink
deje,leave
finalmente,finally
simple,simple
daré,I will give
sabías,did you know
puedas,you can
puso,put
creía,believed
regresar,go back
llega,arrives
entender,understand
mirar,look
sacar,take out
cambiado,changed
trae,brings
hermoso,beautiful
opinión,opinion
verás,you will see
linda,beautiful
apenas,barely
segundos,seconds
cerveza,beer
harás,you will do
estuviera,was
creen,believe
oír,hear
tendría,would have
cuántos,how many
hablado,spoken
hablamos,talk later
reina,queen
temprano,early
tema,issue
prisión,prison
porqué,because
vuelva,come back
público,public
ocurrió,occurred
veré,I will see
salvar,save
partido,game
bonita,pretty
causa,cause
caliente,hot
sargento,sergeant
cenar,have dinner
compañero,buddy
llevó,he took
banco,bank
existe,exists
ben,ben
zona,zone
destino,destination
base,base
solía,used to
cliente,customer
irse,leave
james,James
encuentro,meeting
encontró,found
pelea,fight
san,saint
norte,north
quise,I wanted
coronel,colonel
apuesto,handsome
peligroso,dangerous
viva,live
max,max
vienes,you come
necesitan,need
té,tea
excepto,except
juicio,judgment
podamos,we can
llave,key
equivocado,mistaken
posición,position
trasero,rear
irnos,let's go
espalda,back
excelente,excellent
éxito,success
modos,modes
ventana,window
veamos,let's see
especie,species
teníamos,we had
diferencia,difference
formas,shapes
pedir,ask
últimos,last
escúchame,listen to me
ejemplo,example
ése,that
radio,radio
lee,read
calma,calm
hogar,home
volveré,I will be back
fondo,background
humano,human
henry,Henry
tí,you
iremos,we'll go
unidos,joined
habían,they had
jesús,Jesus
planeta,planet
verme,see me
respecto,regard
regreso,return
debido,due
seré,I will be
tenían,They had
leer,read
parar,stall
lleno,full
dejé,leave
respeto,I respect
debajo,below
harry,Harry
escribir,write
estación,season
pidió,asked
alta,high
pista,clue
estrella,star
enfermo,sick
duele,hurts
sueños,dreams
veremos,we will see
miles,Thousands
darme,give me
órdenes,orders
ocupado,busy
sigues,are you still
corre,runs
podido,I have
dejes,leave
nivel,level
habéis,you have
experiencia,experience
darte,to give you
salida,exit
decirlo,say it
confiar,rely
hacerte,make you
necesitaba,needed
hermanos,siblings
zapatos,shoes
color,color
vistazo,glance
nena,chick
tratar,treat
parecer,seem
juez,judge
próximo,next
paciente,patient
hayas,beech
bolsa,bag
arte,art
mary,Mary
jugando,playing
llevas,you carry
alegra,happy
bailar,dance
diablo,Devil
oí,I heard
sepa,know
estarás,you will be
sur,south
banda,band
aprender,learn
precio,price
completo,complete
santo,holy
culpable,guilty
ganas,desire
tuvimos,we had
you,you
verla,see it
volvió,went back
libros,books
ojo,eye
serán,they will be
cielos,Heavens
azul,blue
diferentes,different
irte,go away
ia,ia
comandante,commander
acción,action
reglas,rules
obra,construction site
esperanza,hope
cuestión,question
molesta,bothers
teniendo,having
bill,Bill
informe,report
jimmy,Jimmy
río,river
bienvenido,welcome
abrir,open
tocar,tap
bob,Bob
contar,count
sigo,I follow
interior,inside
apartamento,apartment
vea,see
estados,state
estáis,you are
preocupa,worries
tomó,took
principal,major
empieza,begin
londres,London
empezó,it started
vayan,go
jim,jim
llaman,they call
ojalá,I wish
perdona,sorry
vuelvo,I come back
golpe,bang
quedarme,stay
llamaré,I will call
acabado,finish
estilo,style
nueve,nine
definitivamente,definitely
quedar,meet
cartas,cards
bomba,bomb
guardia,guard
pistola,gun
probar,prove
majestad,majesty
traer,bring
marcha,March
pareces,you seem
común,common
aquel,that
hacerle,do
vuelo,flight
nota,note
danny,danny
humanos,humans
estaremos,we will be
valor,worth
suyo,yours
objetivo,aim
repente,suddenly
debía,should
rojo,red
bromeando,joking
irá,gonna
entrada,entrance
doble,double
dejaré,I will leave
evitar,avoid
máquina,machine
cuello,neck
conocí,I met
tiempos,time
tome,take
nick,nick
animales,animals
alex,Alex
acaso,perhaps
tuviera,had
pareja,couple
verano,summer
escuché,listen
ama,love
serás,you will
mentira,lie
tarjeta,card
hagan,do
perdí,I missed
correr,run
steve,steve
traído,brought
llegue,I arrived
preparado,prepared
haberlo,have
tony,tony
usa,uses
intentar,attempt
ayudarme,help me
flores,flowers
dando,giving
vos,you
opción,option
isla,island
cierra,close
piel,fur
enemigo,enemy
dejo,let
exacto,exact
imbécil,fool
jóvenes,youths
pedido,order
larga,long
entiende,understands
justicia,justice
nuevos,new
obviamente,obviously
despierta,wake up
pido,I ask
calor,heat
luces,lights
refiero,I mean
fuimos,went
batalla,battle
déjalo,leave it alone
intenta,try
sarah,sarah
fantástico,fantastic
brazo,arm
absolutamente,absolutely
llena,full
hacerme,make me
salga,out
recordar,remember
escapar,escape
bosque,forest
gay,gay
señores,sirs
quedan,remain
piernas,legs
visita,visit
parís,Paris
usando,wearing
ganado,cattle
movimiento,motion
blanca,white
rico,rich
inocente,innocent
pesar,weigh
absoluto,absolute
vacaciones,vacation
um,um
mismos,themselves
tomado,taken
habías,had
planes,plans
cine,cinema
toca,touch
brillante,bright
confianza,trust
vuestra,your
nombres,Names
especialmente,especially
fbi,fbi
embarazada,pregnant
esperen,wait
pantalones,pants
defensa,defending
terminó,term
salido,stepped out
estupendo,great
jane,jane
presión,pressure
inmediatamente,immediately
testigo,witness
deberían,should
olvidado,forgotten
soldados,soldiers
resulta,result
tommy,tommy
depende,depends
motivo,reason
inglés,English
suya,hers
estudio,study
acabar,finish
sentimientos,feelings
tomando,taking
dieron,they gave
parecen,they look like
llaves,keys
perros,dogs
propósito,purpose
noticia,news
partir,leave
vuestro,your
metros,meters
santa,holy
quedarse,stay
clientes,customers
podrá,will be able
cuántas,how many
ridículo,ridiculous
damas,ladies
estuviste,you were
tranquila,peaceful
operación,operation
come,eat
empresa,company
ayúdame,Help me
laboratorio,laboratory
elección,choice
menudo,slight
beso,kiss
copa,Cup
conversación,conversation
brazos,arms
espíritu,spirit
dejas,you let
cansado,tired
interesa,interested
refieres,you mean
casado,married
enorme,enormous
asuntos,affairs
fe,faith
muestra,sample
trampa,trap
ray,ray
billy,Billy
memoria,memory
johnny,Johnny
contrario,contrary
soldado,soldier
subir,increase
turno,shift
encantaría,would love
preocupado,concerned
restaurante,restaurant
saliendo,coming out
escrito,written
cálmate,take it easy
bienvenida,welcome
caer,fall
llevaré,I will take
leche,milk
estrellas,stars
prefiero,prefer
red,grid
viejos,old
solamente,only
oiga,Listen
estén,are
cuentas,accounts
taxi,cab
anillo,ring
richard,Richard
preguntar,ask
victoria,victory
quiénes,who
héroe,hero
pequeños,little ones
decidido,decided
películas,films
responsable,responsible
trago,drink
volverá,To return to
árbol,tree
ibas,you were going
dientes,teeth
encantado,delighted
camión,truck
vender,sell
llame,I called
detente,stop
luchar,struggle
cabo,cape
ruido,noise
lucha,struggle
muere,go dead
reloj,clock
gato,cat
averiguar,figure out
volar,fly
vayamos,let's go
tanta,so much
vendrá,will come
corriendo,in a hurry
yendo,going
colegio,school
sonido,sound
caballero,gentleman
pasada,pass
código,code
hagamos,let's do
imagen,image
riesgo,risk
llegamos,we arrived
alguno,some
pan,bread
millón,million
malas,bad
dama,lady
hielo,ice
cayó,fell
prensa,press
querer,want
vengan,come
eddie,Eddie
caminar,walk
televisión,television
pasará,it will happen
momentos,moments
coger,take
posibilidad,possibility
hubiese,would have
mark,mark
asiento,seat
tuviste,You saw
herido,injured
maría,Maria
seguramente,surely
proyecto,project
pared,wall
sentí,I felt
sospechoso,suspicious
naturaleza,nature
ésa,that
silla,chair
perdió,lost
robert,robert
policías,police
arreglar,arrange
sentado,sitting
papi,Daddy
ideas,ideas
obtener,obtain
felices,happy
señoría,lordship
cantidad,amount
bebe,baby
mírame,Look at me
papa,dad
llorar,cry
quedó,remained
familiar,familiar
desastre,disaster
locos,crazy
escuche,listen
quedarte,stay
política,policy
pedí,I asked
sois,you are
nosotras,we
will,will
enfermedad,disease
encontraron,They found
colega,colleague
príncipe,the prince
verde,green
bajar,lower
nervioso,highly strung
vengo,come
inspector,inspector
sirve,it serves
puertas,doors
fuerzas,forces
playa,beach
cantar,sing
déjeme,let me
velocidad,speed
total,total
cabello,hair
suficientemente,enough
huellas,footprints
haberte,have you
debí,I should have
unidad,unit
estan,are
cuchillo,knife
t,t
oigan,hey
quienes,who
gana,win
tonterías,foolishness
emergencia,emergency
perfecta,perfect
hable,I talked
gustaba,liked
lugares,places
ryan,ryan
show,Show
robo,heist
permite,It allows
parque,park
uds.,You.
roto,broken
serie,series
puse,I put
nuevas,new
evidencia,evidence
conocerte,know you
estúpida,stupid
preocupe,worry
perdone,excuse me
botella,bottle
viento,wind
mando,command
extraña,strange
historias,stories
aquella,that
tenéis,you have
solos,alone
apoyo,support
bala,bullet
verdadera,true
tiro,shot
época,epoch
puente,bridge
olvídalo,forget it
distancia,distance
desea,want
dejarlo,leave it
pelear,fight
pierna,leg
echar,throw
descanso,rest
américa,America
área,area
orgulloso,proud
datos,data
espectáculo,show
sube,goes up
dejaste,you left
acabas,you finish
verá,you will see
magia,Magic
nacional,national
universo,universe
llevaba,wore
necesitar,need
nariz,nose
aquellos,those
clases,classes
jake,jake
casas,houses
vergüenza,shame
estarán,they will be
monstruo,monster
princesa,princess
autobús,bus
cuidar,look after
ei,hey
huevos,eggs
pocos,few
podrás,you can
enferma,sick
paseo,walk
detalles,details
llamadas,calls
belleza,beauty
francia,France
abierto,open
viviendo,living
envió,shipment
puntos,points
ministro,Minister
conducir,drive
aceptar,accept
borracho,drunk
animal,animal
caballos,horses
trajo,brought
contrato,contract
viernes,Friday
bobby,Bobby
martin,Martin
amy,Amy
bienvenidos,welcome
ex,ex
hechos,facts
sociedad,society
dra.,Dr.
tengan,have
quede,stay
inglaterra,England
carga,burden
diste,you gave
lleve,I carried
presente,present
conocía,knew
uso,use
dedos,fingers
oferta,offer
sentía,felt
proteger,protect
daniel,Daniel
date,date
hiciera,did
hablé,I talked
recibir,receive
agradezco,I appreciate
robar,steal
enamorado,in love
sepas,know
oeste,west
herida,wound
despacio,slowly
ayude,help
supe,I knew
directamente,directly
inmediato,immediate
profesional,professional
oscuro,dark
mercado,market
cerdo,pig
tardes,afternoon
líder,leader
grave,serious
llegué,I arrived
jurado,jury
casos,cases
acuerdas,you agree
ahi,there
desaparecido,missing
debió,should have
hubieras,would have
últimamente,lately
piedra,stone
éramos,we were
habló,speak
charles,Charles
paga,pay
secretos,secrets
digamos,Let's say
intención,intention
humor,humor
dura,hard
dará,give to
seguros,insurance
leo,leo
adam,Adam
and,and
ángeles,angels
querría,I would want
cerrar,close
conseguido,achieved
peso,weight
víctimas,victims
asesinado,murdered
humana,human
directo,straight
central,central
termina,ends
compañeros,companions
escuchado,listened
contento,glad
llevan,They carry
podré,I will be able
oscuridad,darkness
actuar,Act
siga,follow
llevado,carried
comenzó,began
regresa,came back
privado,private
mirada,look
demonio,devil
abierta,open
kevin,Kevin
m,m
llámame,call me
siguen,they continue
romper,break
cambia,changes
fiscal,fiscal
jardín,garden
natural,natural
gratis,free
cuesta,costs
amenaza,threat
pon,put
marca,brand
comenzar,begin
ponte,put
medicina,medicine
podremos,we will can
tomé,take
preciosa,lovely
sexual,sexual
acceso,access
necesidad,need
dueño,owner
merece,deserve
rayos,good heavens
d,d
mintiendo,lying
tantas,many
imagino,I imagine
fantasma,ghost
creerlo,believe it
llamé,I called
ponga,put
brian,brian
dé,of
pollo,chicken
varios,several
efecto,effect
felicidad,happiness
espada,sword
relaciones,relations
entró,I enter
resultado,result
sombrero,hat
menor,minor
recibido,received
negra,black
to,to
habido,been
limpio,clean
china,China
juegos,games
correo,mail
confía,trust
video,video
perfectamente,perfectly
harán,they will
teatro,theater
dormido,asleep
local,local
quedado,left
lástima,pity
calles,streets
créeme,believe me
responsabilidad,responsibility
búsqueda,search
dedo,finger
tonta,silly
recuerdos,memories
razones,reasons
escuchando,listening
eric,Eric
elegir,choose
amas,you love
huele,smells
almuerzo,lunch
cien,hundred
adn,dna
tantos,so many
pago,pay
normalmente,usually
mr,mr
pastel,cake
bastardo,bastard
cinta,tape
pasé,happens
dígame,tell me
anna,Anna
costa,coast
levántate,Get up
llamando,calling
cerrado,closed
interés,interest
enfermera,nurse
comienzo,beginning
olvidé,forget
fuese,was
militar,military
polvo,dust
bella,pretty
quedo,stay
kate,Kate
encontraste,by contrast
voluntad,willpower
varias,several
teoría,theory
roja,red
cuento,tale
escenario,scenery
diario,diary
propiedad,property
agujero,hole
aspecto,aspect
campamento,camp
descansar,rest
metido,put
quiso,wanted
ángel,angel
enviar,send
impresionante,awesome
proceso,process
intentado,tried
mio,mine
fuente,fountain
alcalde,mayor
ocurrido,occurred
malos,bad
carretera,road
desapareció,He disappeared
desayuno,breakfast
débil,weak
roma,Rome
sabido,known
comienza,starts
tambien,also
intentarlo,try it
miembro,member
perdiendo,losing
hayan,have
fueras,you were
resultados,results
jerry,jerry
mata,Bush
sr,Mr
valiente,brave
deber,duty
pecho,chest
gustó,taste
oyes,you hear
thomas,thomas
periódico,newspaper
mami,Mommy
piensan,they think
washington,Washington
tv,TV
cansada,tired
limpiar,clean
crear,create
explicar,explain
robado,stolen
resolver,solve
maté,mate
guapo,handsome
continuar,continue
sheriff,sheriff
funcionar,function
extra,extra
primo,cousin
manejar,drive
primeros,first
acto,act
poniendo,putting up
números,numbers
kilómetros,kilometres
andy,Andy
llevará,carry
rachel,Rachel
niñas,girls
premio,prize
internet,Internet
harías,would you do
inútil,useless
domingo,Sunday
tomas,Tomas
sensación,sensation
alcohol,alcohol
tercera,third
agentes,agents
disculpas,apologies
antiguo,ancient
guapa,pretty
asustado,scared
puedan,can
sexy,sexy
genio,genius
recuperar,recover
creemos,we believe
lengua,language
ladrón,thief
intenté,I tried
examen,exam
deprisa,quickly
montaña,mountain
durmiendo,sleeping
disparar,shoot
entrenador,coach
queso,cheese
entero,whole
papeles,papers
pones,you put
modelo,model
fútbol,soccer
detener,arrest
lados,sides
miembros,members
sábado,Saturday
pongo,put
vuelvas,come back
talento,talent
descubrir,discover
gordo,fat
tribunal,court
toque,touch
wow,wow
hables,talk
conocemos,we know
haberme,have me
dispuesto,willing
tamaño,size
dejen,leave
maravillosa,wonderful
invitado,guest
importantes,important
derechos,rights
scott,scott
declaración,statement
claramente,clearly
pacientes,patients
pérdida,loss
in,in
iban,were going
pudiste,could you
profundo,deep
gas,gas
aeropuerto,airport
consigue,get
olvidar,forget
gloria,glory
olvides,forget
volviendo,getting back
coge,take
fué,was
llamaba,called
pete,Pete
tendrán,they will have
instituto,Institute
disparo,Shooting
encuentras,you find
querían,they wanted
hablemos,let's talk
dia,day
enviado,sent
pertenece,belongs
sienta,feel
pensó,thought
cadáver,corpse
gracia,funny
doctora,doctor
escuchen,listen
amante,lover
temporada,season
kim,Kim
cuerpos,bodies
amigas,friends
larry,Larry
preguntaba,I asked
francés,French
techo,ceiling
íbamos,we were going
protección,protection
médicos,doctors
lisa,smooth
venganza,revenge
pensamos,we think
walter,walter
contó,counted
discutir,argue
comprendo,understand
enemigos,enemies
camisa,shirt
superior,superior
criminal,criminal
preocupada,worried
bote,boat
escribió,wrote
llevamos,we carry
testigos,witnesses
recoger,collect
emily,Emily
truco,trick
jason,jason
original,original
pide,asks
jeff,Jeff
rosa,pink
mama,mother
negros,black
sobrevivir,survive
rostro,face
crédito,credit
compartir,share
saca,pulls out
irás,you will go
pequeñas,little
veía,saw
empezando,starting
registro,record
continúa,keep going
grandioso,magnificent
viniste,did you come
esquina,corner
contado,counted
tengamos,let's have
cientos,hundreds
tormenta,storm
relájate,just relax
siéntese,sit down
chocolate,chocolate
matt,matt
pedazo,piece
tomo,took
olor,smell
ciencia,science
kelly,Kelly
conexión,Connection
vieron,they saw
salón,lounge
sucio,dirty
firma,signature
vimos,we saw
pidiendo,asking
casarse,get marry
bebida,drink
tercer,third
propios,own
fuertes,powerful
lluvia,rain
recién,newly
tomaré,I will take
complicado,complicated
europa,Europe
toques,touches
cámaras,cameras
visión,vision
llego,arrive
americano,American
diversión,fun
pareció,it seemed
libras,pounds
curso,course
disco,disk
probable,likely
precioso,precious
tenia,had
lago,lake
leído,read
consiguió,got
parecido,similar
material,material
discurso,speech
entera,whole
it,Item
corta,short
completa,complete
decirles,tell them
lunes,Monday
efectivo,cash
cura,healing
antigua,ancient
hablan,they talk
juntas,together
artista,artist
favorito,favorite
guste,like
cae,falls off
termine,I finished
entrevista,interview
sir,sir
pintura,paint
quieto,still
falso,fake
corto,short
inteligencia,intelligence
destruir,destroy
cargos,charges
podías,you could
mentiras,lies
señoras,ladies
helado,frozen
felicidades,congratulations
camioneta,van
mueve,moves
aparte,apart
tumba,grave
seguimos,we continue
hablaba,she spoke
verle,see him
mapa,map
tarea,task
cambió,change
móvil,mobile
equivocada,wrong
responder,reply
vacío,empty
felicitaciones,congratulations
computadora,computer
estudiante,student
muriendo,dying
construir,build
conocen,they know
clara,clear
solución,solution
mundial,world
plato,dish
famoso,famous
des,des
dirá,will tell
ambas,both
tecnología,technology
notas,grades
malditos,cursed
cabrón,bastard
condiciones,conditions
dudo,I doubt
robó,heist
escucho,I'm listening
rápidamente,quickly
bordo,board
nieve,snow
mensajes,messages
fecha,date
violencia,violence
sujeto,subject
acciones,Actions
fría,cold
droga,drug
saldrá,will come out
suponía,supposed
empezamos,we start
errores,mistakes
siglo,century
molesto,annoying
acabamos,we finish
sabéis,you know
cortar,cut
seria,I would be
muevas,move
fortuna,fortune
of,of
imaginar,imagine
archivos,files
presencia,presence
familias,families
ey,Hey
quedas,stay
solas,alone
oficiales,officers
aventura,adventure
gira,tour
social,social
comunidad,community
cero,zero
esperamos,we wait
ocupada,busy
muévete,move on
convertido,converted
pieza,part
estómago,stomach
disparó,Shooting
legal,legal
conseguí,got
emma,emma
carter,sump
california,California
rara,strange
estudiantes,students
reino,kingdom
alegría,happiness
barrio,neighborhood
granja,farm
podéis,you can
esfuerzo,effort
trabajaba,worked
perdóname,forgive me
tesoro,treasure
empleo,employment
compré,I bought
cirugía,surgery
dejamos,we leave
busco,look for
trabajas,you work
clave,clue
aparentemente,apparently
bravo,Bravo
ed,ed
desearía,I would like
cerrada,closed
new,new
controlar,check
pregunté,I asked for
mostrar,show
piloto,pilot
pocas,few
tuvieron,they had
ayudarle,help you
bolso,bag
llorando,crying
duerme,sleep
dejarme,leave me
intentó,tried
respirar,breathe
aparece,appears
campaña,Campaign
amistad,friendship
corriente,current
viven,they live
huesos,bones
invitados,guests
planta,plant
ritmo,rhythm
respuestas,answers
socio,partner
esperas,you wait
caído,fallen
motor,engine
mono,bun
llevaron,they carried
página,page
poquito,a little
u,or
habíamos,we had
encontraremos,we will find
ruego,I beg
dejan,leave
aburrido,bored
paquete,package
casada,married
llevarte,take you
combate,combat
útil,useful
castillo,castle
bola,ball
canciones,songs
muchísimo,very much
asistente,assistant
llegaron,they arrived
correcta,correct
pondré,I will put
simon,simon
comido,Eaten
salgan,come out
empecé,I started
tirar,throw
pasan,pass
cierta,true
honesto,honest
carro,car
limpia,clean
volví,I returned
confío,I trust
venta,sale
huir,flee
apareció,appeared
vais,you go
compromiso,commitment
gustas,you like
aseguro,I assure
ira,gonna
promesa,promise
decírselo,tell him
cuáles,which
compras,shopping
importancia,importance
lección,lesson
hablaré,I'll talk
hacerse,to be made
personalmente,personally
bolsillo,pocket
enojado,angry
desgracia,misfortune
artículo,article
labios,lips
cola,line
estemos,we are
taza,cup
despues,after
preguntarte,ask you
pelota,ball
caminando,walking
andar,walk
crea,creates
chaqueta,jacket
importaría,mind to
den,den
llegará,reach
interesado,interested
atrapado,caught
supiera,knew
árboles,trees
obvio,obvious
amaba,loved
hablaremos,we will talk
entrenamiento,training
pescado,fish
últimas,latest
pobres,poor
dioses,gods
nerviosa,nervous
vueltas,turns
encontrarlo,find him
autos,cars
preguntarle,ask him
abrigo,coat
okay,OK
estudiar,study
sonrisa,smile
cobarde,coward
olvida,forget
secundaria,secondary
descubierto,discovered
convirtió,converted
coches,cars
venía,came
charla,chat
vives,do you live
bruja,witch
celular,cell phone
rompió,broke
andando,walking
vean,see
conseguiste,you got
susan,susan
veinte,twenty
encargo,charge
palacio,palace
convierte,converts
vivos,alive
pasamos,we passed
firme,firm
daría,would give
piense,think
oigo,I hear
phil,phil
sorprende,surprise
alemanes,germans
milagro,miracle
soportar,bear
dejaron,They left
smith,Smith
disculpen,excuse me
moda,fashion
despacho,dispatch
vecinos,neighbors
vaso,glass
dejarte,leave you
explosión,burst
poderes,powers
regla,ruler
acaban,they finished
copia,copy
siguiendo,Following
viajar,travel
cadena,chain
fábrica,factory
mantiene,maintains
meter,to put
contenta,happy
comiendo,eating
educación,education
maneras,ways
fumar,smoke
encantador,charming
cuantos,how many
homicidio,homicide
madera,wood
mayores,greater
grado,degree
tratamiento,treatment
blancos,whites
lord,lord
anterior,former
comisario,commissar
pizza,pizza
millas,miles
tira,strip
fueran,were
cumplir,achieve
plata,silver
quedará,will remain
quedaré,I will stay
aléjate,get away
decidir,decide
lío,mess
preguntó,asked
agencia,agency
humanidad,humanity
usado,used
guardias,guards
parada,stop
leyes,laws
funcionó,it worked
odia,hate
levanta,Raise
mires,look
respira,breathe
escaleras,stairs
decisiones,decisions
queréis,you want
salvaje,wild
preguntando,asking
pasos,Steps
ambulancia,ambulance
traducción,translation
trabajado,worked up
básicamente,basically
tratado,treaty
parado,stopped
especiales,specials
mentiroso,liar
libres,free
servicios,services
pedirle,ask
vivía,she lived
medios,media
compra,buys
conocimiento,knowledge
armario,cupboard
lobo,wolf
quedamos,we stay
ciertamente,certainly
permitir,allow
tráfico,traffic
uniforme,uniform
estuvimos,we were
alemania,Germany
suave,gentle
propias,own
balas,bullets
asqueroso,disgusting
ciento,hundred
invierno,winter
consigo,with him
encuentre,find
jenny,Jenny
conductor,driver
equipos,equipment
arena,sand
park,park
licencia,license
tíos,uncles
jackson,jackson
dijera,say
espejo,mirror
marina,Marine
seres,beings
fiestas,parties
mover,move
coincidencia,coincidence
análisis,analysis
llegando,arriving
azúcar,sugar
tim,Tim
casar,marry
sótano,basement
volvamos,let's go back
sabrá,will know
taylor,taylor
ocasión,chance
cheque,check
revisar,review
ponerme,put myself
suceder,happen
acusado,accused
dímelo,tell me
quedé,I stayed
conciencia,awareness
doc,doc
pesadilla,nightmare
sopa,soup
saltar,hop
heridas,wounds
pienses,you think
suicidio,suicide
llamarme,call me
posibilidades,odds
elegido,chosen one
divorcio,divorce
registros,records
recibí,I received
joey,Joey
escuchas,you listen
mirad,Behold
pierde,misses
abogados,lawyers
trataba,tried
americanos,American people
llevando,wearing
miel,Honey
regrese,I am back
dilo,say it
hermanas,sisters
alemán,German
iría,would go
lady,lady
salí,I left
particular,particular
miras,you look
frontera,border
ventaja,advantage
alerta,alert
piscina,pool
regalos,gifts
comportamiento,behavior
julia,Julia
señales,signs
salimos,we went out
revista,magazine
hecha,made
imágenes,images
llegas,you arrive
rápida,fast
canal,channel
paciencia,patience
sacado,taken out
echo,threw out
crisis,crisis
asesinos,assassins
oíste,did you hear
dejando,leaving
estarías,you would be
anteriormente,previously
vigilancia,surveillance
desierto,desert
asustada,scared
cuerda,rope
míos,mine
chuck,Chuck
seguido,Following
seremos,we will be
morgan,morgan
pene,penis
despierto,awake
gobernador,governor
sección,section
casarme,get married
trabajos,jobs
preparados,prepared
murieron,died
oso,bear
curiosidad,curiosity
vd.,you.
hank,Hank
impresión,impression
pez,fish
pasaba,was passing
escuchaste,you listened
torre,tower
sientas,feel
mentir,lie
pasillo,aisle
juega,play
suéltame,Let go
arresto,arrest
ricos,rich
sencillo,simple
ruta,route
documentos,documents
enamorada,in love
apuesta,bet
perdida,loss
vinieron,they came
ayudarnos,help us
presento,I present
hazme,make me
leí,read
arthur,arthur
virus,virus
lárgate,get out
sigan,follow
compró,bought
servir,serve
pongas,put
alarma,alarm
identidad,identity
iguales,equal
aviso,warning
aprendido,learned
caza,hunt
daba,gave
muchacha,girl
permanecer,stay
bebés,you drink
opciones,options
responde,reply
vernos,see us
julie,Julie
llamaste,called
ponerse,to put on
sacó,coat
orgullo,pride
reales,real
esperan,are waiting
vuelves,you come back
maggie,Maggie
serlo,be
cuantas,how many
enfadado,angry
ponen,they put
altura,height
jones,jones
archivo,archive
fred,Fred
ayudará,help to
fácilmente,easily
criatura,creature
saco,coat
precisamente,precisely
máximo,maximum
viniendo,coming
vendría,would come
louis,louis
ilegal,illegal
refiere,refers
llamamos,we call
versión,version
incendio,fire
preferiría,I'd prefer
gritar,shout
recibió,received
concierto,concert
casualidad,chance
excusa,excuse
rodillas,knees
cruz,cross
dulces,sweets
cómodo,comfortable
cruel,cruel
sofá,couch
perdiste,you lost
encantadora,lovely
salgamos,let's go out
sombra,shade
ganó,won
encantada,nice to meet you
firmar,sign
escritorio,desk
muñeca,doll
rastro,trace
gigante,giant
pájaro,bird
ducha,shower
tomamos,we take
déjenme,leave me
condición,condition
recompensa,reward
doce,twelve
actor,actor
actitud,attitude
cuida,takes care
salsa,dip
hubieran,they would have
carlos,Carlos
personaje,character
dudas,doubts
jackie,Jackie
cambios,changes
votos,votes
vivido,vivid
perdimos,we lost
suficientes,enough
entrega,delivery
comercial,commercial
decidí,I decided
tribu,tribe
pura,pure
volveremos,we will be back
voto,vote
méxico,Mexico
amar,love
poderoso,powerful
traigo,I bring
asesinatos,murders
fresco,cool
privada,private
seamos,let's be
guarda,guard
orgullosa,proud
vivimos,we live
difíciles,difficult
hagámoslo,let's do it
jefa,boss
trató,deal
senador,senator
ayudando,Helping
campeón,champion
bebiendo,drinking
adorable,adorable
ayudó,helped
ciego,blind
falsa,false
jo,jo
sara,sarah
bestia,beast
alteza,high King
deseos,wishes
episodio,episode
celda,cell
llevarlo,carry it
aguanta,hold
vengas,come
jueves,Thursday
montañas,mountains
pensamientos,thoughts
medianoche,midnight
llevarme,take me
garganta,throat
sesión,session
pensaste,Thought
diles,tell them
muera,die
coma,eat
sentimos,we feel
creas,you believe
escribe,writes
identificación,ID
circunstancias,circumstances
preguntado,asked
veneno,poison
primavera,spring
súper,super
vuestros,your
queríamos,we wanted
aquello,that
preocuparse,worry
martes,Tuesday
feo,ugly
cristo,Christ
francisco,Francisco
howard,Howard
virgen,virgin
distrito,district
decidió,He decided
reputación,reputation
socorro,Help
encontraré,I'll find
castigo,punishment
dígale,tell him
límite,limit
junta,board
ponerte,put on
casados,married
líneas,lines
estudios,studies
muévanse,move
audiencia,audience
helen,helen
nació,born
jugador,player
hmm,hmm
humo,smoke
popular,popular
nación,nation
conocimos,we met
tropas,troops
sucediendo,happening
explicación,explanation
salen,they come out
discúlpeme,excuse me
presentar,introduce
donna,donna
celebrar,celebrate
competencia,competence
envía,send
mantén,keep
verlos,see them
biblioteca,library
fila,row
ésto,this
misterio,mystery
ganador,winner
puerto,port
vehículo,vehicle
escapó,escaped
traeré,I'll bring
julio,July
lograr,achieve
desaparecer,disappear
muero,I die
quítate,take off
favorita,favorite
patio,yard
golpeó,hit
tontería,nuisance
miss,miss
pecado,sin
comité,committee
preparada,prepared
comprado,bought
parezca,seem
emocionante,exciting
caras,faces
rescate,rescue
título,qualification
llegaste,you arrived
decírtelo,tell you
adivina,guess
elizabeth,elizabeth
pánico,panic
barry,Barry
quieran,want
abby,abby
exterior,abroad
pasión,passion
llegan,they arrive
preparar,prepare
guau,Wow
patrick,Patrick
tierras,land
demostrar,demonstrate
elegante,elegant
asegurarme,make sure
visitar,visit
asegúrate,make sure
darles,give them
cabezas,heads
abra,open